{
  "height": 13,
  "width": 43,
  "x": 224.70834350585938,
  "y": 120.33333587646484
}