{
  "x": 347.83331298828125,
  "y": 120,
  "width": 42.66667175292969,
  "height": 13.333328247070312
}